Image0001.jpg,297,1
Image0002.jpg,298,1
Image0003.jpg,296,1
Image0004.jpg,297,1
Image0005.jpg,298,1
Image0006.jpg,298,1
Image0007.jpg,299,1
Image0008.jpg,299,1
Image0009.jpg,300,1
Image0010.jpg,300,1
Image0011.jpg,300,1
Image0012.jpg,299,1
Image0013.jpg,306,1
Image0014.jpg,301,1
Image0015.jpg,302,1
Image0016.jpg,301,1
Image0017.jpg,300,1
Image0018.jpg,300,1
Image0019.jpg,292,1
Image0020.jpg,290,1
Image0021.jpg,296,1
Image0022.jpg,297,1
Image0023.jpg,299,1
Image0024.jpg,299,1
Image0025.jpg,300,1
Image0026.jpg,302,1
Image0027.jpg,301,1
Image0028.jpg,303,1
Image0029.jpg,302,1
Image0030.jpg,303,1
Image0031.jpg,302,1
Image0032.jpg,301,1
Image0033.jpg,301,1
Image0034.jpg,300,1
Image0035.jpg,301,1
Image0036.jpg,298,1
Image0037.jpg,299,1
Image0038.jpg,300,1
Image0039.jpg,300,1
Image0040.jpg,299,1
Image0041.jpg,298,1
Image0042.jpg,296,1
Image0043.jpg,297,1
Image0044.jpg,301,1
Image0045.jpg,295,1
Image0046.jpg,297,1
Image0047.jpg,301,1
Image0048.jpg,301,1
Image0049.jpg,303,1
Image0050.jpg,307,1
